{
  "summary": {
    "attrs": {
      "n": 16,
      "spearman_rho": -0.4497979876739001,
      "spearman_p": 0.08044825218592948,
      "exact_agreement": 3,
      "exact_agreement_pct": 0.1875,
      "mean_k_visual": 3.0,
      "mean_k_llm": 1.1875,
      "k_visual_dist": {
        "2": 8,
        "3": 2,
        "4": 4,
        "5": 2
      },
      "k_llm_dist": {
        "1": 13,
        "2": 3
      }
    },
    "objs": {
      "n": 12,
      "spearman_rho": -0.3162277660168379,
      "spearman_p": 0.3166429150200123,
      "exact_agreement": 4,
      "exact_agreement_pct": 0.3333333333333333,
      "mean_k_visual": 2.5,
      "mean_k_llm": 1.3333333333333333,
      "k_visual_dist": {
        "2": 10,
        "5": 2
      },
      "k_llm_dist": {
        "1": 8,
        "2": 4
      }
    }
  },
  "details": {
    "attrs": {
      "Canvas": {
        "k_visual": 5,
        "k_llm": 1,
        "n_images": 300,
        "silhouettes": {
          "2": 0.13962450623512268,
          "3": 0.11717013269662857,
          "4": 0.14299769699573517,
          "5": 0.14768341183662415
        }
      },
      "Cotton": {
        "k_visual": 4,
        "k_llm": 1,
        "n_images": 55,
        "silhouettes": {
          "2": 0.330333411693573,
          "3": 0.34104979038238525,
          "4": 0.3866080939769745,
          "5": 0.38185814023017883
        }
      },
      "Faux.Fur": {
        "k_visual": 2,
        "k_llm": 2,
        "n_images": 45,
        "silhouettes": {
          "2": 0.28020110726356506,
          "3": 0.2217249721288681,
          "4": 0.19006779789924622,
          "5": 0.17895807325839996
        }
      },
      "Faux.Leather": {
        "k_visual": 5,
        "k_llm": 1,
        "n_images": 300,
        "silhouettes": {
          "2": 0.23160898685455322,
          "3": 0.2558321952819824,
          "4": 0.239716038107872,
          "5": 0.26551002264022827
        }
      },
      "Full.grain.leather": {
        "k_visual": 4,
        "k_llm": 1,
        "n_images": 300,
        "silhouettes": {
          "2": 0.2954046130180359,
          "3": 0.29085955023765564,
          "4": 0.3103346824645996,
          "5": 0.29926925897598267
        }
      },
      "Hair.Calf": {
        "k_visual": 2,
        "k_llm": 1,
        "n_images": 56,
        "silhouettes": {
          "2": 0.4188212752342224,
          "3": 0.39596033096313477,
          "4": 0.2461176961660385,
          "5": 0.2981342673301697
        }
      },
      "Leather": {
        "k_visual": 2,
        "k_llm": 2,
        "n_images": 300,
        "silhouettes": {
          "2": 0.21913543343544006,
          "3": 0.20759500563144684,
          "4": 0.18215149641036987,
          "5": 0.19021306931972504
        }
      },
      "Nubuck": {
        "k_visual": 4,
        "k_llm": 1,
        "n_images": 194,
        "silhouettes": {
          "2": 0.2319256067276001,
          "3": 0.22101648151874542,
          "4": 0.2524462044239044,
          "5": 0.2230864018201828
        }
      },
      "Nylon": {
        "k_visual": 3,
        "k_llm": 1,
        "n_images": 204,
        "silhouettes": {
          "2": 0.35014578700065613,
          "3": 0.38523826003074646,
          "4": 0.20022861659526825,
          "5": 0.21434517204761505
        }
      },
      "Patent.Leather": {
        "k_visual": 3,
        "k_llm": 1,
        "n_images": 300,
        "silhouettes": {
          "2": 0.2770586609840393,
          "3": 0.285616010427475,
          "4": 0.17554283142089844,
          "5": 0.14857356250286102
        }
      },
      "Rubber": {
        "k_visual": 2,
        "k_llm": 1,
        "n_images": 300,
        "silhouettes": {
          "2": 0.41726723313331604,
          "3": 0.16033220291137695,
          "4": 0.17935922741889954,
          "5": 0.14857277274131775
        }
      },
      "Satin": {
        "k_visual": 2,
        "k_llm": 1,
        "n_images": 300,
        "silhouettes": {
          "2": 0.20727282762527466,
          "3": 0.15228746831417084,
          "4": 0.16724957525730133,
          "5": 0.14035992324352264
        }
      },
      "Sheepskin": {
        "k_visual": 2,
        "k_llm": 2,
        "n_images": 85,
        "silhouettes": {
          "2": 0.5055524706840515,
          "3": 0.5052836537361145,
          "4": 0.41686221957206726,
          "5": 0.14587830007076263
        }
      },
      "Suede": {
        "k_visual": 2,
        "k_llm": 1,
        "n_images": 300,
        "silhouettes": {
          "2": 0.26749202609062195,
          "3": 0.2649204730987549,
          "4": 0.2420199066400528,
          "5": 0.23591402173042297
        }
      },
      "Synthetic": {
        "k_visual": 2,
        "k_llm": 1,
        "n_images": 300,
        "silhouettes": {
          "2": 0.26225706934928894,
          "3": 0.22280679643154144,
          "4": 0.23913078010082245,
          "5": 0.24841801822185516
        }
      },
      "Wool": {
        "k_visual": 4,
        "k_llm": 1,
        "n_images": 138,
        "silhouettes": {
          "2": 0.15517868101596832,
          "3": 0.16612772643566132,
          "4": 0.1716507226228714,
          "5": 0.12924222648143768
        }
      }
    },
    "objs": {
      "Boots.Ankle": {
        "k_visual": 2,
        "k_llm": 1,
        "n_images": 300,
        "silhouettes": {
          "2": 0.2314731925725937,
          "3": 0.1796380579471588,
          "4": 0.16292057931423187,
          "5": 0.1479635089635849
        }
      },
      "Boots.Knee.High": {
        "k_visual": 5,
        "k_llm": 1,
        "n_images": 300,
        "silhouettes": {
          "2": 0.15009130537509918,
          "3": 0.15587270259857178,
          "4": 0.13680902123451233,
          "5": 0.1669803410768509
        }
      },
      "Boots.Mid-Calf": {
        "k_visual": 5,
        "k_llm": 1,
        "n_images": 300,
        "silhouettes": {
          "2": 0.24899698793888092,
          "3": 0.24014638364315033,
          "4": 0.26693785190582275,
          "5": 0.2815074622631073
        }
      },
      "Sandals": {
        "k_visual": 2,
        "k_llm": 2,
        "n_images": 300,
        "silhouettes": {
          "2": 0.2357511967420578,
          "3": 0.1587599366903305,
          "4": 0.14921961724758148,
          "5": 0.14893344044685364
        }
      },
      "Shoes.Boat.Shoes": {
        "k_visual": 2,
        "k_llm": 1,
        "n_images": 55,
        "silhouettes": {
          "2": 0.22292278707027435,
          "3": 0.13846725225448608,
          "4": 0.20360495150089264,
          "5": 0.21297059953212738
        }
      },
      "Shoes.Clogs.and.Mules": {
        "k_visual": 2,
        "k_llm": 2,
        "n_images": 300,
        "silhouettes": {
          "2": 0.4085269570350647,
          "3": 0.2057340294122696,
          "4": 0.18470968306064606,
          "5": 0.17238543927669525
        }
      },
      "Shoes.Flats": {
        "k_visual": 2,
        "k_llm": 1,
        "n_images": 300,
        "silhouettes": {
          "2": 0.23669108748435974,
          "3": 0.10209986567497253,
          "4": 0.09094236046075821,
          "5": 0.08256782591342926
        }
      },
      "Shoes.Heels": {
        "k_visual": 2,
        "k_llm": 2,
        "n_images": 300,
        "silhouettes": {
          "2": 0.20742423832416534,
          "3": 0.14462096989154816,
          "4": 0.15437306463718414,
          "5": 0.1381840705871582
        }
      },
      "Shoes.Loafers": {
        "k_visual": 2,
        "k_llm": 1,
        "n_images": 300,
        "silhouettes": {
          "2": 0.20622888207435608,
          "3": 0.18199816346168518,
          "4": 0.17181453108787537,
          "5": 0.15745261311531067
        }
      },
      "Shoes.Oxfords": {
        "k_visual": 2,
        "k_llm": 1,
        "n_images": 300,
        "silhouettes": {
          "2": 0.2545830309391022,
          "3": 0.17538848519325256,
          "4": 0.18252316117286682,