{
  "cluspro_baseline_l14_mit": {
    "n_primitives": 360,
    "attr_mean_offdiag_cos_mean": 0.9944972432178,
    "attr_min_offdiag_cos_mean": 0.9941360110821931,
    "attr_eff_K_mean": 1.0837761764941007,
    "attr_eff_K_min": 1.0000008344650269,
    "attr_eff_K_max": 2.81809401512146,
    "obj_mean_offdiag_cos_mean": 0.985859757296893,
    "obj_min_offdiag_cos_mean": 0.9848203253761239,
    "obj_eff_K_mean": 1.1191364628928049,
    "obj_eff_K_min": 1.0000008344650269,
    "obj_eff_K_max": 4.966733932495117,
    "all_mean_offdiag_cos_mean": 0.9886189541882939,
    "all_min_offdiag_cos_mean": 0.9877961694211181,
    "all_eff_K_mean": 1.1078408158487745,
    "all_eff_K_min": 1.0000008344650269,
    "all_eff_K_max": 4.966733932495117
  },
  "cluspro_baseline_l14_mit_k3": {
    "n_primitives": 360,
    "attr_mean_offdiag_cos_mean": 0.9887097363886626,
    "attr_min_offdiag_cos_mean": 0.9881647374318994,
    "attr_eff_K_mean": 1.078237163502237,
    "attr_eff_K_min": 1.0000005960464478,
    "attr_eff_K_max": 2.3697280883789062,
    "obj_mean_offdiag_cos_mean": 0.9806990559307897,
    "obj_min_offdiag_cos_mean": 0.9799033569057986,
    "obj_eff_K_mean": 1.0970330072908985,
    "obj_eff_K_min": 1.0000005960464478,
    "obj_eff_K_max": 2.988281488418579,
    "all_mean_offdiag_cos_mean": 0.9832580232992768,
    "all_min_offdiag_cos_mean": 0.9825424090183029,
    "all_eff_K_mean": 1.091028779413965,
    "all_eff_K_min": 1.0000005960464478,
    "all_eff_K_max": 2.988281488418579
  },
  "cluspro_baseline_l14_utzap": {
    "n_primitives": 28,
    "attr_mean_offdiag_cos_mean": 0.7999054891988635,
    "attr_min_offdiag_cos_mean": 0.7890771646052599,
    "attr_eff_K_mean": 2.214704506099224,
    "attr_eff_K_min": 1.0000008344650269,
    "attr_eff_K_max": 4.866188049316406,
    "obj_mean_offdiag_cos_mean": 0.9390791952610016,
    "obj_min_offdiag_cos_mean": 0.9357521658142408,
    "obj_eff_K_mean": 1.3574750026067097,
    "obj_eff_K_min": 1.0000007152557373,
    "obj_eff_K_max": 4.6796746253967285,
    "all_mean_offdiag_cos_mean": 0.8595513632254941,
    "all_min_offdiag_cos_mean": 0.8519378794091088,
    "all_eff_K_mean": 1.8473204331738609,
    "all_eff_K_min": 1.0000007152557373,
    "all_eff_K_max": 4.866188049316406
  },
  "cluspro_baseline_l14_utzap_lr5e5": {
    "n_primitives": 28,
    "attr_mean_offdiag_cos_mean": 0.9142978638410568,
    "attr_min_offdiag_cos_mean": 0.9094984941184521,
    "attr_eff_K_mean": 1.6672809347510338,
    "attr_eff_K_min": 1.0000008344650269,
    "attr_eff_K_max": 4.042324542999268,
    "obj_mean_offdiag_cos_mean": 0.9749927322069804,
    "obj_min_offdiag_cos_mean": 0.9733033875624338,
    "obj_eff_K_mean": 1.205804576476415,
    "obj_eff_K_min": 1.0000008344650269,
    "obj_eff_K_max": 3.4261550903320312,
    "all_mean_offdiag_cos_mean": 0.9403099502835955,
    "all_min_offdiag_cos_mean": 0.9368434484515872,
    "all_eff_K_mean": 1.46950535263334,
    "all_eff_K_min": 1.0000008344650269,
    "all_eff_K_max": 4.042324542999268
  },
  "cluspro_baseline_l14_utzap_v2_seed0": {
    "n_primitives": 28,
    "attr_mean_offdiag_cos_mean": 0.2816856874705991,
    "attr_min_offdiag_cos_mean": 0.237024238682352,
    "attr_eff_K_mean": 4.267591245472431,
    "attr_eff_K_min": 1.3309557437896729,
    "attr_eff_K_max": 4.997442245483398,
    "obj_mean_offdiag_cos_mean": 0.7111234641245877,
    "obj_min_offdiag_cos_mean": 0.6863972978511205,
    "obj_eff_K_mean": 2.7920797765254974,
    "obj_eff_K_min": 1.3631607294082642,
    "obj_eff_K_max": 4.996664047241211,
    "all_mean_offdiag_cos_mean": 0.46573044889373705,
    "all_min_offdiag_cos_mean": 0.42961269261182417,
    "all_eff_K_mean": 3.6352291873523166,
    "all_eff_K_min": 1.3309557437896729,
    "all_eff_K_max": 4.997442245483398
  },
  "cluspro_baseline_l14_utzap_v2_seed0_pre_gumbelfix_20260504": {
    "n_primitives": 28,
    "attr_mean_offdiag_cos_mean": 0.9666446596384048,
    "attr_min_offdiag_cos_mean": 0.9645130187273026,
    "attr_eff_K_mean": 1.3698164224624634,
    "attr_eff_K_min": 1.0000008344650269,
    "attr_eff_K_max": 2.972425937652588,
    "obj_mean_offdiag_cos_mean": 0.9919563631216685,
    "obj_min_offdiag_cos_mean": 0.991358811656634,
    "obj_eff_K_mean": 1.1084203918774922,
    "obj_eff_K_min": 1.0000008344650269,
    "obj_eff_K_max": 2.298492670059204,
    "all_mean_offdiag_cos_mean": 0.9774925325598035,
    "all_min_offdiag_cos_mean": 0.9760183585541589,
    "all_eff_K_mean": 1.2577895522117615,
    "all_eff_K_min": 1.0000008344650269,
    "all_eff_K_max": 2.972425937652588
  },
  "cluspro_baseline_l14_utzap_v2_seed1_pre_gumbelfix_20260504": {
    "n_primitives": 28,
    "attr_mean_offdiag_cos_mean": 0.9986190907657146,
    "attr_min_offdiag_cos_mean": 0.9985077939927578,
    "attr_eff_K_mean": 1.0612878799438477,
    "attr_eff_K_min": 1.0000008344650269,
    "attr_eff_K_max": 1.3716789484024048,
    "obj_mean_offdiag_cos_mean": 0.9997795422871908,
    "obj_min_offdiag_cos_mean": 0.9997536589701971,
    "obj_eff_K_mean": 1.0158273379007976,
    "obj_eff_K_min": 1.0000008344650269,
    "obj_eff_K_max": 1.1899166107177734,
    "all_mean_offdiag_cos_mean": 0.9991164271320615,
    "all_min_offdiag_cos_mean": 0.999041736125946,
    "all_eff_K_mean": 1.0418047904968262,
    "all_eff_K_min": 1.0000008344650269,
    "all_eff_K_max": 1.3716789484024048
  },
  "cluspro_baseline_l14_utzap_v2_seed2_pre_gumbelfix_20260504": {
    "n_primitives": 28,
    "attr_mean_offdiag_cos_mean": 0.9930647909641266,
    "attr_min_offdiag_cos_mean": 0.9923807345330715,
    "attr_eff_K_mean": 1.148988775908947,
    "attr_eff_K_min": 1.0000008344650269,
    "attr_eff_K_max": 1.8696041107177734,
    "obj_mean_offdiag_cos_mean": 0.9987028290828069,
    "obj_min_offdiag_cos_mean": 0.9985428750514984,
    "obj_eff_K_mean": 1.0400086343288422,
    "obj_eff_K_min": 1.0000008344650269,
    "obj_eff_K_max": 1.4800479412078857,
    "all_mean_offdiag_cos_mean": 0.9954810930149895,
    "all_min_offdiag_cos_mean": 0.9950216518981116,
    "all_eff_K_mean": 1.102283000946045,
    "all_eff_K_min": 1.0000008344650269,
    "all_eff_K_max": 1.8696041107177734
  },
  "lhp_czsl_v1_init_only_l14_mit": {
    "n_primitives": 360,
    "attr_mean_offdiag_cos_mean": 0.02351389315541165,
    "attr_min_offdiag_cos_mean": -0.05106831035050361,
    "attr_eff_K_mean": 3.8798394348310388,
    "attr_eff_K_min": 2.116769790649414,
    "attr_eff_K_max": 4.070829391479492,
    "obj_mean_offdiag_cos_mean": 0.05178604136822194,
    "obj_min_offdiag_cos_mean": -0.050476027677329824,
    "obj_eff_K_mean": 3.653949063164847,
    "obj_eff_K_min": 1.1468608379364014,
    "obj_eff_K_max": 4.071990013122559,
    "all_mean_offdiag_cos_mean": 0.04275466068912977,
    "all_min_offdiag_cos_mean": -0.050665229086815894,
    "all_eff_K_mean": 3.7261084874471027,
    "all_eff_K_min": 1.1468608379364014,
    "all_eff_K_max": 4.071990013122559
  },
  "lhp_czsl_v1_init_only_l14_utzap_seed0_pre_gumbelfix_20260504": {
    "n_primitives": 28,
    "attr_mean_offdiag_cos_mean": 0.9665626920759678,
    "attr_min_offdiag_cos_mean": 0.9644676633179188,
    "attr_eff_K_mean": 1.3709449768066406,
    "attr_eff_K_min": 1.0000008344650269,
    "attr_eff_K_max": 2.9672532081604004,
    "obj_mean_offdiag_cos_mean": 0.9920243173837662,
    "obj_min_offdiag_cos_mean": 0.9914003411928812,
    "obj_eff_K_mean": 1.1079082886377971,
    "obj_eff_K_min": 1.0000008344650269,
    "obj_eff_K_max": 2.292343854904175,
    "all_mean_offdiag_cos_mean": 0.9774748172078814,
    "all_min_offdiag_cos_mean": 0.9760102395500455,
    "all_eff_K_mean": 1.258214967591422,
    "all_eff_K_min": 1.0000008344650269,
    "all_eff_K_max": 2.9672532081604004
  },
  "lhp_czsl_v1_init_only_l14_utzap_seed1_pre_gumbelfix_20260504": {
    "n_primitives": 28,
    "attr_mean_offdiag_cos_mean": 0.9884004257619381,
    "attr_min_offdiag_cos_mean": 0.9874962754547596,
    "attr_eff_K_mean": 1.1992591992020607,
    "attr_eff_K_min": 1.0000008344650269,
    "attr_eff_K_max": 2.1138031482696533,